[
  { "id": "0", "unicode": "", "javascript": "", "hexadecimal": "", "decimal": "", "csm": "", "description": "null annotation", "nag": "" },
  { "id": "1", "unicode": "", "javascript": "", "hexadecimal": "", "decimal": "", "csm": "!", "description": "good move", "nag": "" },
  { "id": "2", "unicode": "", "javascript": "", "hexadecimal": "", "decimal": "", "csm": "?", "description": "poor move", "nag": "" },
  { "id": "3", "unicode": "", "javascript": "", "hexadecimal": "", "decimal": "", "csm": "!!", "description": "very good move", "nag": "" },
  { "id": "4", "unicode": "", "javascript": "", "hexadecimal": "", "decimal": "", "csm": "??", "description": "very bad move", "nag": "" },
  { "id": "5", "unicode": "", "javascript": "", "hexadecimal": "", "decimal": "", "csm": "!?", "description": "speculative move", "nag": "" },
  { "id": "6", "unicode": "", "javascript": "", "hexadecimal": "", "decimal": "", "csm": "?!", "description": "questionable move", "nag": "" },
  { "id": "7", "unicode": "U+E808", "javascript": "\uE808", "hexadecimal": "&#xE808", "decimal": "", "csm": "[]", "description": "", "nag": "nag-forced-move" },
  { "id": "8", "unicode": "U+E81F", "javascript": "\uE81F", "hexadecimal": "&#xE81F", "decimal": "", "csm": "[]", "description": "", "nag": "nag-singular-move" },
  { "id": "9", "unicode": "", "javascript": "", "hexadecimal": "", "decimal": "", "csm": "??", "description": "worst move", "nag": "" },
  { "id": "10", "unicode": "U+E81A", "javascript": "\uE81A", "hexadecimal": "&#xE81A", "decimal": "", "csm": "=", "description": "drawish position", "nag": "nag-drawish-position" },
  { "id": "11", "unicode": "U+E81A", "javascript": "\uE81A", "hexadecimal": "&#xE81A", "decimal": "", "csm": "=", "description": "equal chances, quiet position", "nag": "nag-drawish-position" },
  { "id": "12", "unicode": "U+E81A", "javascript": "\uE81A", "hexadecimal": "&#xE81A", "decimal": "", "csm": "=", "description": "equal chances, active position", "nag": "nag-drawish-position" },
  { "id": "13", "unicode": "U+E823", "javascript": "\uE823", "hexadecimal": "&#xE823", "decimal": "", "csm": "~~", "description": "unclear position", "nag": "nag-unclear-position" },
  { "id": "14", "unicode": "U+E80F", "javascript": "\uE80F", "hexadecimal": "&#xE80F", "decimal": "", "csm": "+/=", "description": "white has a slight advantage", "nag": "nag-white-slight-advantage" },
  { "id": "15", "unicode": "U+E806", "javascript": "\uE806", "hexadecimal": "&#xE806", "decimal": "", "csm": "=/+", "description": "black has a slight advantage", "nag": "nag-black-slight-advantage" },
  { "id": "16", "unicode": "U+E80E", "javascript": "\uE80E", "hexadecimal": "&#xE80E", "decimal": "", "csm": "+/-", "description": "white has a moderate advantage", "nag": "nag-white-moderate-advantage" },
  { "id": "17", "unicode": "U+E805", "javascript": "\uE805", "hexadecimal": "&#xE805", "decimal": "", "csm": "-/+", "description": "black has a moderate advantage", "nag": "nag-black-moderate-advantage" },
  { "id": "18", "unicode": "U+E825", "javascript": "\uE825", "hexadecimal": "&#xE825", "decimal": "", "csm": "+-", "description": "white has a decisive advantage", "nag": "nag-white-decisive-advantage" },
  { "id": "19", "unicode": "U+E804", "javascript": "\uE804", "hexadecimal": "&#xE804", "decimal": "", "csm": "-+", "description": "black has a decisive advantage", "nag": "nag-black-decisive-advantage" },
  { "id": "20", "unicode": "U+E825", "javascript": "\uE825", "hexadecimal": "&#xE825", "decimal": "", "csm": "+-", "description": "white has a crushing advantage", "nag": "nag-white-decisive-advantage" },
  { "id": "21", "unicode": "U+E804", "javascript": "\uE804", "hexadecimal": "&#xE804", "decimal": "", "csm": "-+", "description": "black has a crushing advantage", "nag": "nag-black-decisive-advantage" },
  { "id": "22", "unicode": "U+E813", "javascript": "\uE813", "hexadecimal": "&#xE813", "decimal": "", "csm": "(.)", "description": "white is in zugzwang", "nag": "nag-zugzwang" },
  { "id": "23", "unicode": "U+E813", "javascript": "\uE813", "hexadecimal": "&#xE813", "decimal": "", "csm": "(.)", "description": "black is in zugzwang", "nag": "nag-zugzwang" },
  { "id": "24", "unicode": "U+E820", "javascript": "\uE820", "hexadecimal": "&#xE820", "decimal": "", "csm": "()", "description": "white has a slight space advantage", "nag": "nag-space-advantage" },
  { "id": "25", "unicode": "U+E820", "javascript": "\uE820", "hexadecimal": "&#xE820", "decimal": "", "csm": "()", "description": "black has a slight space advantage", "nag": "nag-space-advantage" },
  { "id": "26", "unicode": "U+E820", "javascript": "\uE820", "hexadecimal": "&#xE820", "decimal": "", "csm": "()", "description": "white has a moderate space advantage", "nag": "nag-space-advantage" },
  { "id": "27", "unicode": "U+E820", "javascript": "\uE820", "hexadecimal": "&#xE820", "decimal": "", "csm": "()", "description": "black has a moderate space advantage", "nag": "nag-space-advantage" },
  { "id": "28", "unicode": "U+E820", "javascript": "\uE820", "hexadecimal": "&#xE820", "decimal": "", "csm": "()", "description": "white has a decisive space advantage", "nag": "nag-space-advantage" },
  { "id": "29", "unicode": "U+E820", "javascript": "\uE820", "hexadecimal": "&#xE820", "decimal": "", "csm": "()", "description": "black has a decisive space advantage", "nag": "nag-space-advantage" },
  { "id": "30", "unicode": "U+E817", "javascript": "\uE817", "hexadecimal": "&#xE817", "decimal": "", "csm": "@", "description": "white has a slight development advantage", "nag": "nag-development-advantage" },
  { "id": "31", "unicode": "U+E817", "javascript": "\uE817", "hexadecimal": "&#xE817", "decimal": "", "csm": "@", "description": "black has a slight development advantage", "nag": "nag-development-advantage" },
  { "id": "32", "unicode": "U+E817", "javascript": "\uE817", "hexadecimal": "&#xE817", "decimal": "", "csm": "@", "description": "white has a moderate development advantage", "nag": "nag-development-advantage" },
  { "id": "33", "unicode": "U+E817", "javascript": "\uE817", "hexadecimal": "&#xE817", "decimal": "", "csm": "@", "description": "black has a moderate development advantage", "nag": "nag-development-advantage" },
  { "id": "34", "unicode": "U+E817", "javascript": "\uE817", "hexadecimal": "&#xE817", "decimal": "", "csm": "@", "description": "white has a decisive development advantage", "nag": "nag-development-advantage" },
  { "id": "35", "unicode": "U+E817", "javascript": "\uE817", "hexadecimal": "&#xE817", "decimal": "", "csm": "@", "description": "black has a decisive development advantage", "nag": "nag-development-advantage" },
  { "id": "36", "unicode": "U+E809", "javascript": "\uE809", "hexadecimal": "&#xE809", "decimal": "", "csm": "|^", "description": "white has the initiative", "nag": "nag-initiative" },
  { "id": "37", "unicode": "U+E809", "javascript": "\uE809", "hexadecimal": "&#xE809", "decimal": "", "csm": "|^", "description": "black has the initiative", "nag": "nag-initiative" },
  { "id": "38", "unicode": "U+E809", "javascript": "\uE809", "hexadecimal": "&#xE809", "decimal": "", "csm": "|^", "description": "white has a lasting initiative", "nag": "nag-initiative" },
  { "id": "39", "unicode": "U+E809", "javascript": "\uE809", "hexadecimal": "&#xE809", "decimal": "", "csm": "|^", "description": "black has a lasting initiative", "nag": "nag-initiative" },
  { "id": "40", "unicode": "U+E801", "javascript": "\uE801", "hexadecimal": "&#xE801", "decimal": "", "csm": "->", "description": "white has the attack", "nag": "nag-attack" },
  { "id": "41", "unicode": "U+E801", "javascript": "\uE801", "hexadecimal": "&#xE801", "decimal": "", "csm": "->", "description": "black has the attack", "nag": "nag-attack" },
  { "id": "42", "unicode": "", "javascript": "", "hexadecimal": "", "decimal": "", "csm": "", "description": "white has insufficient compensation for material deficit", "nag": "" },
  { "id": "43", "unicode": "", "javascript": "", "hexadecimal": "", "decimal": "", "csm": "", "description": "black has insufficient compensation for material deficit", "nag": "" },
  { "id": "44", "unicode": "U+E821", "javascript": "\uE821", "hexadecimal": "&#xE821", "decimal": "", "csm": "~/=", "description": "white has sufficient compensation for material deficit", "nag": "nag-sufficient-compensation" },
  { "id": "45", "unicode": "U+E821", "javascript": "\uE821", "hexadecimal": "&#xE821", "decimal": "", "csm": "~/=", "description": "black has sufficient compensation for material deficit", "nag": "nag-sufficient-compensation" },
  { "id": "46", "unicode": "U+E821", "javascript": "\uE821", "hexadecimal": "&#xE821", "decimal": "", "csm": "~/=", "description": "white has more than adequate compensation for material deficit", "nag": "nag-sufficient-compensation" },
  { "id": "47", "unicode": "U+E821", "javascript": "\uE821", "hexadecimal": "&#xE821", "decimal": "", "csm": "~/=", "description": "black has more than adequate compensation for material deficit", "nag": "nag-sufficient-compensation" },
  { "id": "48", "unicode": "U+E814", "javascript": "\uE814", "hexadecimal": "&#xE814", "decimal": "", "csm": "[+]", "description": "white has a slight center control advantage", "nag": "nag-center" },
  { "id": "49", "unicode": "U+E814", "javascript": "\uE814", "hexadecimal": "&#xE814", "decimal": "", "csm": "[+]", "description": "black has a slight center control advantage", "nag": "nag-center" },
  { "id": "50", "unicode": "U+E814", "javascript": "\uE814", "hexadecimal": "&#xE814", "decimal": "", "csm": "[+]", "description": "white has a moderate center control advantage", "nag": "nag-center" },
  { "id": "51", "unicode": "U+E814", "javascript": "\uE814", "hexadecimal": "&#xE814", "decimal": "", "csm": "[+]", "description": "black has a moderate center control advantage", "nag": "nag-center" },
  { "id": "52", "unicode": "U+E814", "javascript": "\uE814", "hexadecimal": "&#xE814", "decimal": "", "csm": "[+]", "description": "white has a decisive center control advantage", "nag": "nag-center" },
  { "id": "53", "unicode": "U+E814", "javascript": "\uE814", "hexadecimal": "&#xE814", "decimal": "", "csm": "[+]", "description": "black has a decisive center control advantage", "nag": "nag-center" },
  { "id": "54", "unicode": "", "javascript": "", "hexadecimal": "", "decimal": "", "csm": ">>", "desription": "white has a slight kingside control advantage", "nag": "" },
  { "id": "55", "unicode": "", "javascript": "", "hexadecimal": "", "decimal": "", "csm": ">>", "desription": "black has a slight kingside control advantage", "nag": "" },
  { "id": "56", "unicode": "", "javascript": "", "hexadecimal": "", "decimal": "", "csm": ">>", "desription": "white has a moderate kingside control advantage", "nag": "" },
  { "id": "57", "unicode": "", "javascript": "", "hexadecimal": "", "decimal": "", "csm": ">>", "desription": "black has a moderate kingside control advantage", "nag": "" },
  { "id": "58", "unicode": "", "javascript": "", "hexadecimal": "", "decimal": "", "csm": ">>", "desription": "white has a decisive kingside control advantage", "nag": "" },
  { "id": "59", "unicode": "", "javascript": "", "hexadecimal": "", "decimal": "", "csm": ">>", "desription": "black has a decisive kingside control advantage", "nag": "" },
  { "id": "60", "unicode": "", "javascript": "", "hexadecimal": "", "decimal": "", "csm": "<<", "desription": "white has a slight queenside control advantage", "nag": "" },
  { "id": "61", "unicode": "", "javascript": "", "hexadecimal": "", "decimal": "", "csm": "<<", "desription": "black has a slight queenside control advantage", "nag": "" },
  { "id": "62", "unicode": "", "javascript": "", "hexadecimal": "", "decimal": "", "csm": "<<", "desription": "white has a moderate queenside control advantage", "nag": "" },
  { "id": "63", "unicode": "", "javascript": "", "hexadecimal": "", "decimal": "", "csm": "<<", "desription": "black has a moderate queenside control advantage", "nag": "" },
  { "id": "64", "unicode": "", "javascript": "", "hexadecimal": "", "decimal": "", "csm": "<<", "desription": "white has a decisive queenside control advantage", "nag": "" },
  { "id": "65", "unicode": "", "javascript": "", "hexadecimal": "", "decimal": "", "csm": "<<", "desription": "black has a decisive queenside control advantage", "nag": "" },
  { "id": "66", "unicode": "", "javascript": "", "hexadecimal": "", "decimal": "", "csm": "", "desription": "white has a vulnerable first rank", "nag": "" },
  { "id": "67", "unicode": "", "javascript": "", "hexadecimal": "", "decimal": "", "csm": "", "desription": "black has a vulnerable first rank", "nag": "" },
  { "id": "68", "unicode": "", "javascript": "", "hexadecimal": "", "decimal": "", "csm": "", "desription": "white has a well protected first rank", "nag": "" },
  { "id": "69", "unicode": "", "javascript": "", "hexadecimal": "", "decimal": "", "csm": "", "desription": "black has a well protected first rank", "nag": "" },
  { "id": "70", "unicode": "", "javascript": "", "hexadecimal": "", "decimal": "", "csm": "", "desription": "white has a poorly protected king", "nag": "" },
  { "id": "71", "unicode": "", "javascript": "", "hexadecimal": "", "decimal": "", "csm": "", "desription": "black has a poorly protected king", "nag": "" },
  { "id": "72", "unicode": "", "javascript": "", "hexadecimal": "", "decimal": "", "csm": "", "desription": "white has a well protected king", "nag": "" },
  { "id": "73", "unicode": "", "javascript": "", "hexadecimal": "", "decimal": "", "csm": "", "desription": "black has a well protected king", "nag": "" },
  { "id": "74", "unicode": "", "javascript": "", "hexadecimal": "", "decimal": "", "csm": "", "desription": "white has a poorly placed king", "nag": "" },
  { "id": "75", "unicode": "", "javascript": "", "hexadecimal": "", "decimal": "", "csm": "", "desription": "black has a poorly placed king", "nag": "" },
  { "id": "76", "unicode": "", "javascript": "", "hexadecimal": "", "decimal": "", "csm": "", "desription": "white has a well placed king", "nag": "" },
  { "id": "77", "unicode": "", "javascript": "", "hexadecimal": "", "decimal": "", "csm": "", "desription": "black has a well placed king", "nag": "" },
  { "id": "78", "unicode": "", "javascript": "", "hexadecimal": "", "decimal": "", "csm": "", "desription": "white has a very weak pawn structure", "nag": "" },
  { "id": "79", "unicode": "", "javascript": "", "hexadecimal": "", "decimal": "", "csm": "", "desription": "black has a very weak pawn structure", "nag": "" },
  { "id": "80", "unicode": "", "javascript": "", "hexadecimal": "", "decimal": "", "csm": "", "desription": "white has a moderately weak pawn structure", "nag": "" },
  { "id": "81", "unicode": "", "javascript": "", "hexadecimal": "", "decimal": "", "csm": "", "desription": "black has a moderately weak pawn structure", "nag": "" },
  { "id": "82", "unicode": "", "javascript": "", "hexadecimal": "", "decimal": "", "csm": "", "desription": "white has a moderately strong pawn structure", "nag": "" },
  { "id": "83", "unicode": "", "javascript": "", "hexadecimal": "", "decimal": "", "csm": "", "desription": "black has a moderately strong pawn structure", "nag": "" },
  { "id": "84", "unicode": "", "javascript": "", "hexadecimal": "", "decimal": "", "csm": "", "desription": "white has a very strong pawn structure", "nag": "" },
  { "id": "85", "unicode": "", "javascript": "", "hexadecimal": "", "decimal": "", "csm": "", "desription": "black has a very strong pawn structure", "nag": "" },
  { "id": "86", "unicode": "", "javascript": "", "hexadecimal": "", "decimal": "", "csm": "", "desription": "white has poor knight placement", "nag": "" },
  { "id": "87", "unicode": "", "javascript": "", "hexadecimal": "", "decimal": "", "csm": "", "desription": "black has poor knight placement", "nag": "" },
  { "id": "88", "unicode": "", "javascript": "", "hexadecimal": "", "decimal": "", "csm": "", "desription": "white has good knight placement", "nag": "" },
  { "id": "89", "unicode": "", "javascript": "", "hexadecimal": "", "decimal": "", "csm": "", "desription": "black has good knight placement", "nag": "" },
  { "id": "90", "unicode": "", "javascript": "", "hexadecimal": "", "decimal": "", "csm": "", "desription": "white has poor bishop placement", "nag": "" },
  { "id": "91", "unicode": "", "javascript": "", "hexadecimal": "", "decimal": "", "csm": "", "desription": "black has poor bishop placement", "nag": "" },
  { "id": "92", "unicode": "", "javascript": "", "hexadecimal": "", "decimal": "", "csm": "", "desription": "white has good bishop placement", "nag": "" },
  { "id": "93", "unicode": "", "javascript": "", "hexadecimal": "", "decimal": "", "csm": "", "desription": "black has good bishop placement", "nag": "" },
  { "id": "94", "unicode": "", "javascript": "", "hexadecimal": "", "decimal": "", "csm": "", "desription": "white has poor rook placement", "nag": "" },
  { "id": "95", "unicode": "", "javascript": "", "hexadecimal": "", "decimal": "", "csm": "", "desription": "black has poor rook placement", "nag": "" },
  { "id": "96", "unicode": "", "javascript": "", "hexadecimal": "", "decimal": "", "csm": "", "desription": "white has good rook placement", "nag": "" },
  { "id": "97", "unicode": "", "javascript": "", "hexadecimal": "", "decimal": "", "csm": "", "desription": "black has good rook placement", "nag": "" },
  { "id": "98", "unicode": "", "javascript": "", "hexadecimal": "", "decimal": "", "csm": "", "desription": "white has poor queen placement", "nag": "" },
  { "id": "99", "unicode": "", "javascript": "", "hexadecimal": "", "decimal": "", "csm": "", "desription": "black has poor queen placement", "nag": "" },
  { "id": "100", "unicode": "", "javascript": "", "hexadecimal": "", "decimal": "", "csm": "", "desription": "white has good queen placement", "nag": "" },
  { "id": "101", "unicode": "", "javascript": "", "hexadecimal": "", "decimal": "", "csm": "", "desription": "black has good queen placement", "nag": "" },
  { "id": "102", "unicode": "", "javascript": "", "hexadecimal": "", "decimal": "", "csm": "", "desription": "white has poor piece coordination", "nag": "" },
  { "id": "103", "unicode": "", "javascript": "", "hexadecimal": "", "decimal": "", "csm": "", "desription": "black has poor piece coordination", "nag": "" },
  { "id": "104", "unicode": "", "javascript": "", "hexadecimal": "", "decimal": "", "csm": "", "desription": "white has good piece coordination", "nag": "" },
  { "id": "105", "unicode": "", "javascript": "", "hexadecimal": "", "decimal": "", "csm": "", "desription": "black has good piece coordination", "nag": "" },
  { "id": "106", "unicode": "", "javascript": "", "hexadecimal": "", "decimal": "", "csm": "", "desription": "white has played the opening very poorly", "nag": "" },
  { "id": "107", "unicode": "", "javascript": "", "hexadecimal": "", "decimal": "", "csm": "", "desription": "black has played the opening very poorly", "nag": "" },
  { "id": "108", "unicode": "", "javascript": "", "hexadecimal": "", "decimal": "", "csm": "", "desription": "white has played the opening poorly", "nag": "" },
  { "id": "109", "unicode": "", "javascript": "", "hexadecimal": "", "decimal": "", "csm": "", "desription": "black has played the opening poorly", "nag": "" },
  { "id": "110", "unicode": "", "javascript": "", "hexadecimal": "", "decimal": "", "csm": "", "desription": "white has played the opening well", "nag": "" },
  { "id": "111", "unicode": "", "javascript": "", "hexadecimal": "", "decimal": "", "csm": "", "desription": "black has played the opening well", "nag": "" },
  { "id": "112", "unicode": "", "javascript": "", "hexadecimal": "", "decimal": "", "csm": "", "desription": "white has played the opening very well", "nag": "" },
  { "id": "113", "unicode": "", "javascript": "", "hexadecimal": "", "decimal": "", "csm": "", "desription": "black has played the opening very well", "nag": "" },
  { "id": "114", "unicode": "", "javascript": "", "hexadecimal": "", "decimal": "", "csm": "", "desription": "white has played the middlegame very poorly", "nag": "" },
  { "id": "115", "unicode": "", "javascript": "", "hexadecimal": "", "decimal": "", "csm": "", "desription": "black has played the middlegame very poorly", "nag": "" },
  { "id": "116", "unicode": "", "javascript": "", "hexadecimal": "", "decimal": "", "csm": "", "desription": "white has played the middlegame poorly", "nag": "" },
  { "id": "117", "unicode": "", "javascript": "", "hexadecimal": "", "decimal": "", "csm": "", "desription": "black has played the middlegame poorly", "nag": "" },
  { "id": "118", "unicode": "", "javascript": "", "hexadecimal": "", "decimal": "", "csm": "", "desription": "white has played the middlegame well", "nag": "" },
  { "id": "119", "unicode": "", "javascript": "", "hexadecimal": "", "decimal": "", "csm": "", "desription": "black has played the middlegame well", "nag": "" },
  { "id": "120", "unicode": "", "javascript": "", "hexadecimal": "", "decimal": "", "csm": "", "desription": "white has played the middlegame very well", "nag": "" },
  { "id": "121", "unicode": "", "javascript": "", "hexadecimal": "", "decimal": "", "csm": "", "desription": "black has played the middlegame very well", "nag": "" },
  { "id": "122", "unicode": "", "javascript": "", "hexadecimal": "", "decimal": "", "csm": "", "desription": "white has played the ending very poorly", "nag": "" },
  { "id": "123", "unicode": "", "javascript": "", "hexadecimal": "", "decimal": "", "csm": "", "desription": "black has played the ending very poorly", "nag": "" },
  { "id": "124", "unicode": "", "javascript": "", "hexadecimal": "", "decimal": "", "csm": "", "desription": "white has played the ending poorly", "nag": "" },
  { "id": "125", "unicode": "", "javascript": "", "hexadecimal": "", "decimal": "", "csm": "", "desription": "black has played the ending poorly", "nag": "" },
  { "id": "126", "unicode": "", "javascript": "", "hexadecimal": "", "decimal": "", "csm": "", "desription": "white has played the ending well", "nag": "" },
  { "id": "127", "unicode": "", "javascript": "", "hexadecimal": "", "decimal": "", "csm": "", "desription": "black has played the ending well", "nag": "" },
  { "id": "128", "unicode": "", "javascript": "", "hexadecimal": "", "decimal": "", "csm": "", "desription": "white has played the ending very well", "nag": "" },
  { "id": "129", "unicode": "", "javascript": "", "hexadecimal": "", "decimal": "", "csm": "", "desription": "black has played the ending very well", "nag": "" },
  { "id": "130", "unicode": "U+E816", "javascript": "\uE816", "hexadecimal": "&#xE816", "decimal": "", "csm": "<=>", "description": "white has slight counterplay", "nag": "nag-counterplay" },
  { "id": "131", "unicode": "U+E816", "javascript": "\uE816", "hexadecimal": "&#xE816", "decimal": "", "csm": "<=>", "description": "black has slight counterplay", "nag": "nag-counterplay" },
  { "id": "132", "unicode": "U+E816", "javascript": "\uE816", "hexadecimal": "&#xE816", "decimal": "", "csm": "<=>", "description": "white has moderate counterplay", "nag": "nag-counterplay" },
  { "id": "133", "unicode": "U+E816", "javascript": "\uE816", "hexadecimal": "&#xE816", "decimal": "", "csm": "<=>", "description": "black has moderate counterplay", "nag": "nag-counterplay" },
  { "id": "134", "unicode": "U+E816", "javascript": "\uE816", "hexadecimal": "&#xE816", "decimal": "", "csm": "<=>", "description": "white has decisive counterplay", "nag": "nag-counterplay" },
  { "id": "135", "unicode": "U+E816", "javascript": "\uE816", "hexadecimal": "&#xE816", "decimal": "", "csm": "<=>", "description": "black has decisive counterplay", "nag": "nag-counterplay" },
  { "id": "136", "unicode": "U+E822", "javascript": "\uE822", "hexadecimal": "&#xE822", "decimal": "", "csm": "(+)", "description": "white has moderate time control pressure", "nag": "nag-time-control-pressure" },
  { "id": "137", "unicode": "U+E822", "javascript": "\uE822", "hexadecimal": "&#xE822", "decimal": "", "csm": "(+)", "description": "black has moderate time control pressure", "nag": "nag-time-control-pressure" },
  { "id": "138", "unicode": "U+E822", "javascript": "\uE822", "hexadecimal": "&#xE822", "decimal": "", "csm": "(+)", "description": "white has severe time control pressure", "nag": "nag-time-control-pressure" },
  { "id": "139", "unicode": "U+E822", "javascript": "\uE822", "hexadecimal": "&#xE822", "decimal": "", "csm": "(+)", "description": "black has severe time control pressure", "nag": "nag-time-control-pressure" },
  { "id": "140", "unicode": "U+E810", "javascript": "\uE810", "hexadecimal": "&#xE810", "decimal": "", "csm": "/\\", "description": "with the idea", "nag": "nag-with-the-idea" },
  { "id": "141", "unicode": "U+E800", "javascript": "\uE800", "hexadecimal": "&#xE800", "decimal": "", "csm": "\\/", "description": "aimed against", "nag": "nag-aimed-against" },
  { "id": "142", "unicode": "U+E802", "javascript": "\uE802", "hexadecimal": "&#xE802", "decimal": "", "csm": ">=", "description": "better is", "nag": "nag-better-is" },
  { "id": "143", "unicode": "", "javascript": "", "hexadecimal": "", "decimal": "", "csm": "", "description": "worse is", "nag": "" },
  { "id": "144", "unicode": "U+E81C", "javascript": "\uE81C", "hexadecimal": "&#xE81C", "decimal": "", "csm": "=", "description": "equivalent is", "nag": "nag-equivalent-is" },
  { "id": "145", "unicode": "", "javascript": "", "hexadecimal": "", "decimal": "", "csm": "RR", "description": "editorial comment", "nag": "" },
  { "id": "146", "unicode": "", "javascript": "", "hexadecimal": "", "decimal": "", "csm": "N", "description": "novelty", "nag": "" },
  { "id": "147", "unicode": "U+E824", "javascript": "\uE824", "hexadecimal": "&#xE824", "decimal": "", "csm": "><", "description": "weak point", "nag": "nag-weak-point" },
  { "id": "148", "unicode": "U+E81B", "javascript": "\uE81B", "hexadecimal": "&#xE81B", "decimal": "", "csm": "", "description": "endgame", "nag": "nag-endgame" },
  { "id": "149", "unicode": "U+E807", "javascript": "\uE807", "hexadecimal": "&#xE807", "decimal": "", "csm": "<->", "description": "file", "nag": "nag-file" },
  { "id": "150", "unicode": "U+E818", "javascript": "\uE818", "hexadecimal": "&#xE818", "decimal": "", "csm": "/^", "description": "diagonal", "nag": "nag-diagonal" },
  { "id": "151", "unicode": "U+E803", "javascript": "\uE803", "hexadecimal": "&#xE803", "decimal": "", "csm": "^^", "description": "white has a pair of bishops", "nag": "nag-bishop-pair" },
  { "id": "152", "unicode": "U+E803", "javascript": "\uE803", "hexadecimal": "&#xE803", "decimal": "", "csm": "^^", "description": "black has a pair of bishops", "nag": "nag-bishop-pair" },
  { "id": "153", "unicode": "U+E80C", "javascript": "\uE80C", "hexadecimal": "&#xE80C", "decimal": "", "csm": "^-", "description": "bishops of opposite color", "nag": "nag-opposite-color-bishops" },
  { "id": "154", "unicode": "U+E81E", "javascript": "\uE81E", "hexadecimal": "&#xE81E", "decimal": "", "csm": "^=", "description": "bishops of same color", "nag": "nag-same-color-bishops" },
  { "id": "155", "unicode": "U+E815", "javascript": "\uE815", "hexadecimal": "&#xE815", "decimal": "", "csm": "oo", "description": "white has connected pawns", "nag": "nag-connected-pawns" },
  { "id": "156", "unicode": "U+E815", "javascript": "\uE815", "hexadecimal": "&#xE815", "decimal": "", "csm": "oo", "description": "black has connected pawns", "nag": "nag-connected-pawns" },
  { "id": "157", "unicode": "U+E80A", "javascript": "\uE80A", "hexadecimal": "&#xE80A", "decimal": "", "csm": "o..o", "description": "white has isolated pawns", "nag": "nag-isolated-pawns" },
  { "id": "158", "unicode": "U+E80A", "javascript": "\uE80A", "hexadecimal": "&#xE80A", "decimal": "", "csm": "o..o", "description": "black has isolated pawns", "nag": "nag-isolated-pawns" },
  { "id": "159", "unicode": "U+E819", "javascript": "\uE819", "hexadecimal": "&#xE819", "decimal": "", "csm": "o/o", "description": "white has doubled pawns", "nag": "nag-doubled-pawns" },
  { "id": "160", "unicode": "U+E819", "javascript": "\uE819", "hexadecimal": "&#xE819", "decimal": "", "csm": "o/o", "description": "black has doubled pawns", "nag": "nag-doubled-pawns" },
  { "id": "161", "unicode": "U+E827", "javascript": "\uE827", "hexadecimal": "&#xE827", "decimal": "", "csm": "o^", "description": "white has a passed pawn", "nag": "nag-passed-pawn" },
  { "id": "162", "unicode": "U+E827", "javascript": "\uE827", "hexadecimal": "&#xE827", "decimal": "", "csm": "o^", "description": "black has a passed pawn", "nag": "nag-passed-pawn" },
  { "id": "163", "unicode": "U+E80D", "javascript": "\uE80D", "hexadecimal": "&#xE80D", "decimal": "", "csm": ">", "description": "white has a pawn majority", "nag": "nag-pawn-majority" },
  { "id": "164", "unicode": "U+E80D", "javascript": "\uE80D", "hexadecimal": "&#xE80D", "decimal": "", "csm": ">", "description": "black has a pawn majority", "nag": "nag-pawn-majority" },
  { "id": "190", "unicode": "U+E826", "javascript": "\uE826", "hexadecimal": "&#xE826", "decimal": "", "csm": "", "description": "etc", "nag": "nag-etc" },
  { "id": "191", "unicode": "U+E819", "javascript": "\uE819", "hexadecimal": "&#xE819", "decimal": "", "csm": "o/o", "description": "doubled pawns", "nag": "nag-doubled-pawns" },
  { "id": "192", "unicode": "U+E80A", "javascript": "\uE80A", "hexadecimal": "&#xE80A", "decimal": "", "csm": "o..o", "description": "isolated pawns", "nag": "nag-isolated-pawns" },
  { "id": "193", "unicode": "U+E815", "javascript": "\uE815", "hexadecimal": "&#xE815", "decimal": "", "csm": "oo", "description": "connected pawns", "nag": "nag-connected-pawns" },
  { "id": "194", "unicode": "", "javascript": "", "hexadecimal": "", "decimal": "", "csm": "", "description": "hanging pawns", "nag": "" },
  { "id": "195", "unicode": "", "javascript": "", "hexadecimal": "", "decimal": "", "csm": "", "description": "backward pawns", "nag": "" },
  { "id": "201", "unicode": "", "javascript": "", "hexadecimal": "", "decimal": "", "csm": "", "description": "diagram", "nag": "" },
  { "id": "220", "unicode": "", "javascript": "", "hexadecimal": "", "decimal": "", "csm": "", "description": "white diagram", "nag": "" },
  { "id": "221", "unicode": "", "javascript": "", "hexadecimal": "", "decimal": "", "csm": "", "description": "black diagram", "nag": "" },
  { "id": "238", "unicode": "U+E820", "javascript": "\uE820", "hexadecimal": "&#xE820", "decimal": "", "csm": "()", "description": "space advantage", "nag": "nag-space-advantage" },
  { "id": "239", "unicode": "U+E807", "javascript": "\uE807", "hexadecimal": "&#xE807", "decimal": "", "csm": "<->", "description": "file", "nag": "nag-file" },
  { "id": "240", "unicode": "U+E818", "javascript": "\uE818", "hexadecimal": "&#xE818", "decimal": "", "csm": "/^", "description": "diagonal", "nag": "nag-diagonal" },
  { "id": "241", "unicode": "U+E814", "javascript": "\uE814", "hexadecimal": "&#xE814", "decimal": "", "csm": "[+]", "description": "center", "nag": "nag-center" },
  { "id": "242", "unicode": "U+E80B", "javascript": "\uE80B", "hexadecimal": "&#xE80B", "decimal": "", "csm": ">>", "description": "kingside", "nag": "nag-kingside" },
  { "id": "243", "unicode": "U+E81D", "javascript": "\uE81D", "hexadecimal": "&#xE81D", "decimal": "", "csm": "<<", "description": "queenside", "nag": "nag-queenside" },
  { "id": "244", "unicode": "U+E824", "javascript": "\uE824", "hexadecimal": "&#xE824", "decimal": "", "csm": "><", "description": "weak point", "nag": "nag-weak-point" },
  { "id": "245", "unicode": "U+E81B", "javascript": "\uE81B", "hexadecimal": "&#xE81B", "decimal": "", "csm": "_|_", "description": "endgame", "nag": "nag-endgame" },
  { "id": "246", "unicode": "U+E803", "javascript": "\uE803", "hexadecimal": "&#xE803", "decimal": "", "csm": "^^", "description": "bishop pair", "nag": "nag-bishop-pair" },
  { "id": "247", "unicode": "U+E80C", "javascript": "\uE80C", "hexadecimal": "&#xE80C", "decimal": "", "csm": "^-", "description": "opposite bishops", "nag": "nag-opposite-color-bishops" },
  { "id": "248", "unicode": "U+E81E", "javascript": "\uE81E", "hexadecimal": "&#xE81E", "decimal": "", "csm": "^=", "description": "same bishops", "nag": "nag-same-color-bishops" },
  { "id": "249", "unicode": "U+E815", "javascript": "\uE815", "hexadecimal": "&#xE815", "decimal": "", "csm": "oo", "description": "connected pawns", "nag": "nag-connected-pawns" },
  { "id": "250", "unicode": "U+E80A", "javascript": "\uE80A", "hexadecimal": "&#xE80A", "decimal": "", "csm": "o..o", "description": "isolated pawns", "nag": "nag-isolated-pawns" },
  { "id": "251", "unicode": "U+E819", "javascript": "\uE819", "hexadecimal": "&#xE819", "decimal": "", "csm": "o/o", "description": "doubled pawns", "nag": "nag-doubled-pawns" },
  { "id": "252", "unicode": "U+E827", "javascript": "\uE827", "hexadecimal": "&#xE827", "decimal": "", "csm": "o^", "description": "passed pawn", "nag": "nag-passed-pawn" },
  { "id": "253", "unicode": "U+E80D", "javascript": "\uE80D", "hexadecimal": "&#xE80D", "decimal": "", "csm": ">", "description": "pawn majority", "nag": "nag-pawn-majority" },
  { "id": "254", "unicode": "U+E811", "javascript": "\uE811", "hexadecimal": "&#xE811", "decimal": "", "csm": "", "description": "with", "nag": "nag-with" },
  { "id": "255", "unicode": "U+E812", "javascript": "\uE812", "hexadecimal": "&#xE812", "decimal": "", "csm": "", "description": "without", "nag": "nag-without" }
]
