{
  "<layout>": {
    "template": "./layouts/layout.marko"
  },

  "<p-address>": {
    "template": "./partials/p-address.marko"
  },
  "<p-footer>": {
    "template": "./partials/p-footer.marko"
  },
  "<p-header>": {
    "template": "./partials/p-header.marko"
  },
  "<p-navigation>": {
    "template": "./partials/p-navigation.marko"
  },
  "<p-sidebar>": {
    "template": "./partials/p-sidebar.marko"
  },
  "<p-sponsors>": {
    "template": "./partials/p-sponsors.marko"
  },


  "<a-20190112>": {
    "template": "./content/a-20190112.marko"
  },
  "<a-20190211>": {
    "template": "./content/a-20190211.marko"
  },
  "<a-20190212>": {
    "template": "./content/a-20190212.marko"
  },
  "<a-20190213>": {
    "template": "./content/a-20190213.marko"
  },
  "<a-20190301>": {
    "template": "./content/a-20190301.marko"
  },
  "<a-20190304>": {
    "template": "./content/a-20190304.marko"
  },
  "<a-20190307>": {
    "template": "./content/a-20190307.marko"
  },
  "<a-20190309>": {
    "template": "./content/a-20190309.marko"
  },
  "<a-20190312>": {
    "template": "./content/a-20190312.marko"
  },
  "<a-20190323>": {
    "template": "./content/a-20190323.marko"
  },
  "<a-20190326>": {
    "template": "./content/a-20190326.marko"
  },
  "<a-20190409>": {
    "template": "./content/a-20190409.marko"
  },
  "<a-20190419>": {
    "template": "./content/a-20190419.marko"
  },
  "<a-20190420>": {
    "template": "./content/a-20190420.marko"
  },
  "<a-20190423>": {
    "template": "./content/a-20190423.marko"
  },
  "<a-20190514>": {
    "template": "./content/a-20190514.marko"
  },
  "<a-20190520>": {
    "template": "./content/a-20190520.marko"
  },
  "<a-20190604>": {
    "template": "./content/a-20190604.marko"
  },
  "<a-20190608>": {
    "template": "./content/a-20190608.marko"
  },
  "<a-20190616>": {
    "template": "./content/a-20190616.marko"
  },
  "<a-20190618>": {
    "template": "./content/a-20190618.marko"
  },
  "<a-20190707>": {
    "template": "./content/a-20190707.marko"
  },
  "<a-20190709>": {
    "template": "./content/a-20190709.marko"
  },
  "<a-20190731>": {
    "template": "./content/a-20190731.marko"
  },
  "<a-20190802>": {
    "template": "./content/a-20190802.marko"
  },
  "<a-20190803>": {
    "template": "./content/a-20190803.marko"
  },
  "<a-20190813>": {
    "template": "./content/a-20190813.marko"
  },
  "<a-20190814>": {
    "template": "./content/a-20190814.marko"
  },
  "<a-20190817>": {
    "template": "./content/a-20190817.marko"
  },
  "<a-20190903>": {
    "template": "./content/a-20190903.marko"
  },
  "<a-20190910>": {
    "template": "./content/a-20190910.marko"
  },
  "<a-20190911>": {
    "template": "./content/a-20190911.marko"
  },
  "<a-20190912>": {
    "template": "./content/a-20190912.marko"
  },
  "<a-20190918>": {
    "template": "./content/a-20190918.marko"
  },
  "<a-20190925>": {
    "template": "./content/a-20190925.marko"
  },
  "<a-20190928>": {
    "template": "./content/a-20190928.marko"
  },
  "<a-20191014>": {
    "template": "./content/a-20191014.marko"
  },
  "<a-20191022>": {
    "template": "./content/a-20191022.marko"
  },
  "<a-20191111>": {
    "template": "./content/a-20191111.marko"
  },
  "<a-20191123>": {
    "template": "./content/a-20191123.marko"
  },
  "<a-20191126>": {
    "template": "./content/a-20191126.marko"
  },
  "<a-20191214>": {
    "template": "./content/a-20191214.marko"
  },
  "<a-20200103>": {
    "template": "./content/a-20200103.marko"
  },
  "<a-20200107>": {
    "template": "./content/a-20200107.marko"
  },
  "<a-20200202>": {
    "template": "./content/a-20200202.marko"
  },
  "<a-20200208>": {
    "template": "./content/a-20200208.marko"
  },
  "<a-20200211>": {
    "template": "./content/a-20200211.marko"
  },
  "<a-20200218>": {
    "template": "./content/a-20200218.marko"
  },
  "<a-20200307>": {
    "template": "./content/a-20200307.marko"
  },
  "<a-20200308>": {
    "template": "./content/a-20200308.marko"
  },
  "<a-20200410>": {
    "template": "./content/a-20200410.marko"
  },
  "<a-20200319>": {
    "template": "./content/a-20200319.marko"
  },

  "<b-20190112>": {
    "template": "./blog/b-20190112.marko"
  },
  "<b-20190211>": {
    "template": "./blog/b-20190211.marko"
  },
  "<b-20190212>": {
    "template": "./blog/b-20190212.marko"
  },
  "<b-20190213>": {
    "template": "./blog/b-20190213.marko"
  },
  "<b-20190301>": {
    "template": "./blog/b-20190301.marko"
  },
  "<b-20190304>": {
    "template": "./blog/b-20190304.marko"
  },
  "<b-20190307>": {
    "template": "./blog/b-20190307.marko"
  },
  "<b-20190309>": {
    "template": "./blog/b-20190309.marko"
  },
  "<b-20190312>": {
    "template": "./blog/b-20190312.marko"
  },
  "<b-20190323>": {
    "template": "./blog/b-20190323.marko"
  },
  "<b-20190326>": {
    "template": "./blog/b-20190326.marko"
  },
  "<b-20190409>": {
    "template": "./blog/b-20190409.marko"
  },
  "<b-20190419>": {
    "template": "./blog/b-20190419.marko"
  },
  "<b-20190420>": {
    "template": "./blog/b-20190420.marko"
  },
  "<b-20190423>": {
    "template": "./blog/b-20190423.marko"
  },
  "<b-20190514>": {
    "template": "./blog/b-20190514.marko"
  },
  "<b-20190520>": {
    "template": "./blog/b-20190520.marko"
  },
  "<b-20190604>": {
    "template": "./blog/b-20190604.marko"
  },
  "<b-20190608>": {
    "template": "./blog/b-20190608.marko"
  },
  "<b-20190616>": {
    "template": "./blog/b-20190616.marko"
  },
  "<b-20190618>": {
    "template": "./blog/b-20190618.marko"
  },
  "<b-20190707>": {
    "template": "./blog/b-20190707.marko"
  },
  "<b-20190709>": {
    "template": "./blog/b-20190709.marko"
  },
  "<b-20190731>": {
    "template": "./blog/b-20190731.marko"
  },
  "<b-20190802>": {
    "template": "./blog/b-20190802.marko"
  },
  "<b-20190803>": {
    "template": "./blog/b-20190803.marko"
  },
  "<b-20190813>": {
    "template": "./blog/b-20190813.marko"
  },
  "<b-20190814>": {
    "template": "./blog/b-20190814.marko"
  },
  "<b-20190817>": {
    "template": "./blog/b-20190817.marko"
  },
  "<b-20190903>": {
    "template": "./blog/b-20190903.marko"
  },
  "<b-20190910>": {
    "template": "./blog/b-20190910.marko"
  },
  "<b-20190911>": {
    "template": "./blog/b-20190911.marko"
  },
  "<b-20190912>": {
    "template": "./blog/b-20190912.marko"
  },
  "<b-20190918>": {
    "template": "./blog/b-20190918.marko"
  },
  "<b-20190925>": {
    "template": "./blog/b-20190925.marko"
  },
  "<b-20190928>": {
    "template": "./blog/b-20190928.marko"
  },
  "<b-20191014>": {
    "template": "./blog/b-20191014.marko"
  },
  "<b-20191022>": {
    "template": "./blog/b-20191022.marko"
  },
  "<b-20191111>": {
    "template": "./blog/b-20191111.marko"
  },
  "<b-20191123>": {
    "template": "./blog/b-20191123.marko"
  },
  "<b-20191126>": {
    "template": "./blog/b-20191126.marko"
  },
  "<b-20191214>": {
    "template": "./blog/b-20191214.marko"
  },
  "<b-20200103>": {
    "template": "./blog/b-20200103.marko"
  },
  "<b-20200107>": {
    "template": "./blog/b-20200107.marko"
  },
  "<b-20200202>": {
    "template": "./blog/b-20200202.marko"
  },
  "<b-20200208>": {
    "template": "./blog/b-20200208.marko"
  },
  "<b-20200211>": {
    "template": "./blog/b-20200211.marko"
  },
  "<b-20200218>": {
    "template": "./blog/b-20200218.marko"
  },
  "<b-20200307>": {
    "template": "./blog/b-20200307.marko"
  },
  "<b-20200308>": {
    "template": "./blog/b-20200308.marko"
  },
  "<b-20200410>": {
    "template": "./blog/b-20200410.marko"
  },
  "<b-20200319>": {
    "template": "./blog/b-20200319.marko"
  }
}
