{
  "_id": "",
  "id": "",
  "password": "",
  "scope": [],
  "personal": {
    "name": {
      "last": "",
      "first": ""
    },
    "dob": "",
    "sex": "",
    "contact": {
      "address": "",
      "city": "",
      "province": "",
      "postal_code": "",
      "country": "",
      "phone": "",
      "email": ""
    }
  },
  "data": {
    "fide": {
      "id": "",
      "expiry": "",
      "title": "",
      "elo": {
        "classical": "",
        "rapid": "",
        "blitz": ""
      }
    },
    "cfc": {
      "id": "",
      "expiry": "",
      "title": "",
      "elo": {
        "classical": "",
        "rapid": ""
      }
    },
    "ccc": {
      "id": "",
      "expiry": ""
    },
    "transactions": {
      "events": [],
      "classes": []
    }
  }
}
